model,year,price,type,distance,fuel,tax,miles per galoon,size
0,2019.0,21998.0,2,11578.0,2,150.0,53.3,1.3
0,2014.0,10498.0,1,63177.0,0,30.0,64.2,2.1
0,2016.0,12498.0,1,54544.0,0,20.0,72.4,1.5
0,2018.0,17498.0,1,8601.0,2,145.0,51.4,1.6
0,2017.0,16798.0,1,24388.0,0,20.0,68.9,1.5
0,2017.0,15498.0,1,35295.0,0,20.0,68.9,1.5
0,2019.0,18241.0,0,15722.0,0,145.0,65.7,1.5
0,2018.0,17498.0,2,15597.0,0,145.0,68.9,2.1
0,2013.0,11998.0,1,13680.0,2,125.0,51.4,1.6
0,2020.0,28128.0,0,2563.0,2,145.0,47.9,1.3
0,2017.0,17498.0,2,16244.0,0,145.0,74.3,1.5
0,2018.0,22990.0,2,5491.0,2,145.0,45.6,2.0
0,2017.0,16995.0,2,25800.0,0,150.0,68.9,2.1
0,2019.0,21998.0,2,19324.0,2,150.0,53.3,1.3
0,2019.0,18141.0,0,15689.0,0,145.0,65.7,1.5
0,2019.0,18995.0,2,21400.0,2,145.0,53.3,1.3
0,2016.0,13900.0,1,16349.0,0,20.0,72.4,1.5
0,2019.0,23184.0,1,1173.0,2,145.0,44.8,1.3
0,2019.0,25190.0,0,2471.0,0,145.0,56.5,2.0
0,2018.0,18998.0,2,12386.0,0,145.0,68.9,1.5
0,2016.0,15200.0,2,39057.0,0,20.0,74.3,1.5
0,2018.0,19995.0,2,2348.0,2,145.0,53.3,1.3
0,2009.88029543607,2880.0,0,66000.0,0,160.0,52.3,2.0
0,2019.0,20998.0,2,9651.0,0,145.0,56.5,2.0
0,2016.0,21998.0,2,17171.0,2,165.0,45.6,2.0
0,2017.0,18298.0,2,7919.0,0,145.0,68.9,2.1
0,2017.0,15787.0,0,24092.0,0,20.0,70.6,2.1
0,2013.0,9995.0,2,47000.0,0,20.0,68.9,1.8
0,2019.0,18995.0,2,3150.0,0,145.0,65.7,1.5
0,2014.0,13998.0,2,29670.0,0,20.0,68.9,2.1
0,2015.0,18998.0,2,23247.0,2,200.0,42.8,2.0
0,2020.0,24107.0,0,3500.0,0,145.0,62.8,1.5
0,2019.0,22998.0,2,3770.0,2,150.0,53.3,1.3
0,2019.0,22596.0,0,5382.0,0,145.0,62.8,1.5
0,2016.0,15200.0,2,23286.0,0,20.0,68.9,2.1
0,2016.0,15000.0,1,30761.0,0,30.0,62.8,2.1
0,2019.0,21498.0,2,4138.0,0,145.0,65.7,1.5
0,2018.0,20450.0,0,6511.0,0,150.0,65.7,1.5
0,2011.0,3440.0,1,74000.0,0,150.0,54.3,2.0
0,2017.0,18890.0,0,7875.0,2,150.0,53.3,1.6
0,2013.0,11998.0,2,54060.0,0,30.0,64.2,2.1
0,2015.0,16998.0,2,39587.0,2,200.0,42.8,2.0
0,2019.0,25701.0,0,11000.0,0,150.0,56.5,2.0
0,2019.0,22730.0,0,1521.0,0,145.0,56.5,2.0
0,2014.0,11980.0,0,66690.0,0,20.0,64.2,2.1
0,2018.0,21998.0,2,15450.0,2,150.0,53.3,1.3
0,2016.0,15498.0,2,63454.0,0,20.0,74.3,1.5
0,2016.0,16998.0,2,29160.0,0,20.0,67.3,2.1
0,2018.0,23498.0,2,5189.0,2,150.0,53.3,1.3
0,2019.0,18118.0,0,15561.0,0,145.0,68.9,1.5
0,2017.0,15245.0,1,22969.0,0,145.0,68.9,1.5
0,2019.0,21498.0,2,6324.0,0,145.0,65.7,1.5
0,2013.0,9995.0,1,83000.0,0,20.0,70.6,1.5
0,2019.0,17990.0,0,14783.0,0,145.0,65.7,1.5
0,2016.0,27995.0,0,13000.0,2,200.0,40.9,2.0
0,2016.0,14998.0,1,24569.0,0,20.0,68.9,1.5
0,2019.0,21498.0,2,5685.0,0,145.0,65.7,1.5
0,2017.0,15498.0,1,47412.0,0,20.0,68.9,1.5
0,2020.0,32980.0,0,606.0,2,145.0,35.8,2.0
0,2018.0,18220.0,0,10361.0,0,145.0,68.9,1.5
0,2020.0,26980.0,0,1000.0,0,145.0,62.8,1.5
0,2019.0,19498.0,2,14899.0,0,145.0,68.9,1.5
0,2018.0,18888.0,0,11565.0,0,145.0,67.3,1.5
0,2018.0,19998.0,2,6340.0,2,145.0,53.3,1.3
1,2019.0,20700.0,0,14931.0,2,145.0,45.6,1.3
1,2013.0,9998.0,2,34837.0,0,30.0,64.2,1.8
1,2016.0,13498.0,1,25726.0,0,20.0,68.9,1.5
1,2017.0,17513.0,0,14128.0,0,150.0,68.9,2.1
1,2019.0,20882.0,0,14257.0,2,145.0,45.6,1.3
1,2017.0,15998.0,2,21306.0,0,145.0,68.9,2.1
1,2017.0,12498.0,1,29559.0,0,20.0,68.9,1.5
1,2010.0,3890.0,0,71000.0,2,240.0,40.9,1.5
1,2015.0,11995.0,2,41500.0,0,20.0,67.3,1.5
1,2013.0,8998.0,2,46108.0,0,30.0,64.2,1.8
1,2019.0,20945.0,0,13661.0,2,145.0,45.6,1.3
1,2011.0,3990.0,0,85026.14414204747,2,240.0,40.9,1.5
1,2017.0,13498.0,1,35881.0,0,20.0,68.9,1.5
1,2019.0,24616.0,0,3710.0,0,145.0,55.4,2.0
1,2019.0,21394.0,0,9573.0,2,145.0,45.6,1.3
1,2019.0,23280.0,0,6441.0,2,145.0,44.1,1.3
1,2017.0,15480.0,0,23290.0,0,20.0,68.9,2.1
1,2019.0,20998.0,2,10713.0,2,145.0,45.6,1.3
1,2015.0,13498.0,2,20789.0,0,20.0,67.3,1.5
1,2019.0,21498.0,1,4653.0,2,145.0,45.6,1.3
1,2017.0,15890.0,0,24841.0,0,150.0,68.9,1.5
1,2014.0,9998.0,1,24510.0,0,30.0,61.4,1.5
1,2019.0,23750.0,0,278.0,0,145.0,55.4,2.0
2,2009.88029543607,4480.0,0,85026.14414204747,0,300.0,37.7,3.0
2,2019.0,24498.0,2,12629.0,0,145.0,61.4,2.1
2,2015.0,12495.0,0,55000.0,0,30.0,64.2,2.1
2,2017.0,18498.0,2,26179.0,0,145.0,60.1,2.1
2,2017.0,21000.0,0,25000.0,1,140.0,97.62807002109429,2.0
2,2019.0,27698.0,2,14999.0,0,145.0,55.4,2.0
2,2014.0,11290.0,0,48000.0,0,145.0,56.5,2.1
2,2016.0,27498.0,2,37941.0,2,260.0,35.8,3.0
2,2016.0,16998.0,2,43014.0,0,30.0,64.2,2.1
2,2019.0,32498.0,2,11301.0,0,145.0,61.4,2.0
2,2019.0,33998.0,2,1558.0,2,145.0,44.1,1.5
2,2019.0,32998.0,2,2258.0,2,145.0,46.3,1.5
2,2017.0,25798.0,2,9676.0,0,145.0,65.7,2.1
2,2019.0,30498.0,2,4977.0,0,145.0,57.7,2.0
2,2019.0,24998.0,2,22400.0,2,145.0,44.1,1.5
2,2019.0,30403.0,0,3000.0,2,145.0,46.3,1.5
2,2016.0,16998.0,2,26973.0,0,30.0,65.7,1.6
2,2017.0,17998.0,2,59858.0,0,145.0,64.2,2.1
2,2018.0,19998.0,2,15383.0,2,145.0,46.3,1.5
2,2015.0,16998.0,2,43883.0,0,125.0,60.1,2.1
2,2020.0,31790.0,0,3500.0,2,145.0,64.2,2.0
2,2018.0,22998.0,2,18739.0,0,150.0,60.1,2.1
2,2018.0,20489.0,2,16900.0,0,145.0,61.4,2.1
2,2017.0,19743.0,0,16509.0,0,145.0,61.4,2.1
2,2019.0,26154.0,0,14696.0,0,145.0,56.5,2.0
2,2016.0,15498.0,2,73582.0,0,30.0,61.4,2.1
2,2019.0,22498.0,2,10455.0,2,145.0,46.3,1.5
2,2019.0,24495.0,2,10000.0,0,145.0,61.4,2.0
2,2017.0,15700.0,0,19023.0,0,145.0,65.7,2.1
2,2017.0,19890.0,0,26878.0,2,150.0,48.7,2.0
2,2015.0,17498.0,2,42471.0,1,0.0,76.4,2.1
2,2014.0,15701.0,0,20498.0,0,20.0,64.2,2.1
2,2017.0,22498.0,2,20491.0,1,135.0,74.3,2.1
2,2016.0,19328.0,0,25042.0,0,30.0,64.2,2.1
2,2019.0,33998.0,2,3814.0,2,145.0,44.1,1.5
2,2014.0,15498.0,2,23772.0,0,20.0,64.2,2.1
2,2019.0,24915.0,0,13101.0,0,145.0,61.4,2.0
2,2016.0,12998.0,1,53453.0,0,20.0,70.6,2.1
2,2013.0,11998.0,2,31706.0,0,145.0,53.3,2.1
2,2019.0,24055.0,0,7475.0,0,145.0,61.4,2.0
2,2019.0,24998.0,2,9344.0,0,145.0,55.4,2.0
2,2014.0,15498.0,2,36243.0,0,30.0,64.2,2.1
2,2016.0,16198.0,1,41974.0,0,20.0,68.9,2.1
2,2019.0,26601.0,0,9949.0,0,150.0,64.2,2.0
2,2019.0,32998.0,2,2878.0,2,145.0,42.2,2.0
2,2015.0,11998.0,1,52792.0,0,20.0,72.4,1.6
2,2020.0,30960.0,0,3000.0,0,145.0,64.2,2.0
2,2017.0,23998.0,2,14462.0,0,20.0,67.3,2.1
2,2019.0,29546.0,0,7990.0,0,145.0,54.3,2.0
2,2019.0,29623.0,0,7500.0,0,145.0,64.2,2.0
2,2019.0,32998.0,2,17.0,2,145.0,46.3,1.5
2,2018.0,18051.0,0,11319.0,0,145.0,65.7,1.6
2,2014.0,15998.0,2,26216.0,0,30.0,64.2,2.1
2,2015.0,13998.0,1,24010.0,0,20.0,72.4,1.6
2,2017.0,18998.0,2,28808.0,0,145.0,61.4,2.1
2,2017.0,20998.0,2,42036.0,0,20.0,67.3,2.1
2,2016.0,22998.0,2,23090.0,0,30.0,65.7,2.1
2,2016.0,16498.0,2,37080.0,0,20.0,64.2,2.1
2,2019.0,27980.0,0,3168.0,0,145.0,55.4,2.0
2,2016.0,18990.0,2,26413.0,0,20.0,64.2,2.1
2,2015.0,12495.0,2,50374.0,0,20.0,65.7,2.1
2,2016.0,17672.0,0,31656.0,0,30.0,64.2,2.1
2,2014.0,15298.0,2,41416.0,0,30.0,64.2,2.1
2,2019.0,32998.0,2,4500.0,2,145.0,42.2,2.0
2,2014.0,12998.0,2,52712.0,0,20.0,64.2,2.1
2,2018.0,27498.0,2,12491.0,0,145.0,65.7,2.1
2,2019.0,27964.0,0,5617.0,0,145.0,57.7,2.0
2,2019.0,28998.0,1,22.0,2,145.0,48.7,1.6
2,2019.0,24433.0,0,2326.0,2,145.0,46.3,1.5
2,2013.0,9298.0,2,80485.0,0,145.0,54.3,2.1
2,2016.0,20998.0,2,23429.0,1,0.0,97.62807002109429,2.0
2,2019.0,28524.0,0,8263.0,0,145.0,57.7,2.0
2,2019.0,28250.0,0,3477.0,0,145.0,61.4,2.0
2,2015.0,14940.0,0,43000.0,0,20.0,64.2,2.1
2,2017.0,20995.0,2,33000.0,0,145.0,58.9,2.1
2,2018.0,29498.0,2,6265.0,0,145.0,54.3,2.0
2,2019.0,29498.0,2,2195.0,0,145.0,61.4,2.0
2,2018.0,27498.0,2,9255.0,0,145.0,57.7,2.0
2,2019.0,29998.0,2,836.0,2,145.0,43.5,2.0
2,2016.0,16298.0,2,29201.0,0,30.0,64.2,1.6
2,2019.0,24510.0,0,11368.0,0,145.0,58.9,1.6
2,2019.0,32498.0,2,1887.0,2,145.0,46.3,1.5
2,2017.0,15311.0,0,31371.0,0,20.0,65.7,2.1
2,2016.0,15698.0,0,42062.0,2,125.0,50.4,2.0
2,2019.0,24498.0,2,15838.0,0,145.0,61.4,2.0
2,2017.0,16498.0,0,20764.0,0,150.0,58.9,2.1
2,2019.0,25498.0,2,8150.0,0,145.0,60.1,1.6
2,2017.0,13800.0,1,34015.0,0,145.0,70.6,2.1
2,2016.0,19298.0,2,27644.0,0,30.0,64.2,2.1
2,2018.0,31995.0,2,11300.0,2,150.0,36.2,3.0
2,2016.0,16998.0,2,21786.0,0,20.0,65.7,2.1
2,2017.0,23995.0,2,32800.0,0,30.0,65.7,2.1
2,2017.0,17998.0,2,16291.0,2,145.0,50.4,2.0
2,2016.0,17890.0,0,44184.0,2,125.0,50.4,2.0
2,2014.0,10995.0,1,85026.14414204747,0,20.0,68.9,2.1
2,2016.0,17998.0,2,36587.0,1,0.0,97.62807002109429,2.0
2,2018.0,23498.0,2,17093.0,0,145.0,67.3,2.1
2,2016.0,17998.0,1,26100.0,0,20.0,68.9,2.1
2,2015.0,12298.0,2,68718.0,2,125.0,53.3,2.0
2,2014.0,15698.0,2,39920.0,0,30.0,64.2,2.1
2,2016.0,13998.0,1,22117.0,2,125.0,53.3,2.0
2,2014.0,16995.0,0,37600.0,0,30.0,64.2,2.1
2,2018.0,20685.0,2,21929.0,0,145.0,64.2,2.1
2,2014.0,10498.0,2,51929.0,0,145.0,53.3,2.1
2,2009.88029543607,4200.0,0,85026.14414204747,0,235.0,42.2,2.1
2,2019.0,28498.0,2,4285.0,0,145.0,61.4,2.0
2,2015.0,14698.0,2,43331.0,0,20.0,64.2,2.1
2,2017.0,24998.0,2,28234.0,2,160.0,43.5,2.0
2,2016.0,18998.0,2,28388.0,0,30.0,64.2,1.6
2,2017.0,19890.0,0,30281.0,0,150.0,60.1,2.1
2,2016.0,20498.0,2,27968.0,0,125.0,60.1,2.1
2,2019.0,31998.0,2,2000.0,2,145.0,42.2,2.0
2,2009.88029543607,3890.0,0,85026.14414204747,2,322.02595486019436,32.5,1.8
2,2016.0,19498.0,2,22803.0,0,30.0,61.4,2.1
2,2017.0,18998.0,2,23760.0,0,30.0,64.2,2.1
2,2016.0,14698.0,1,19864.0,0,20.0,70.6,2.1
2,2017.0,20998.0,2,16902.0,0,145.0,60.1,2.1
2,2016.0,18498.0,2,31891.0,1,0.0,97.62807002109429,2.0
2,2017.0,24995.0,0,14000.0,2,145.0,47.1,2.0
2,2019.0,29998.0,2,28000.0,2,145.0,44.1,2.0
2,2016.0,19698.0,0,25107.0,1,0.0,97.62807002109429,2.0
3,2015.0,17995.0,0,41100.0,0,20.0,67.3,2.1
3,2015.0,18498.0,2,18982.0,0,20.0,67.3,2.1
3,2013.0,11998.0,1,33562.0,2,125.0,50.4,1.6
3,2017.0,19295.0,0,39643.0,0,20.0,67.3,2.1
3,2014.0,16995.0,2,37208.0,0,30.0,62.8,2.1
3,2014.0,17298.0,2,33274.0,0,30.0,62.8,2.1
3,2015.0,19498.0,2,20820.0,0,20.0,67.3,2.1
3,2015.0,17863.0,2,14360.0,0,20.0,62.8,2.1
3,2014.0,15998.0,2,42514.0,0,30.0,62.8,2.1
3,2015.0,17498.0,1,15557.0,2,125.0,50.4,1.6
3,2015.0,16498.0,1,25920.0,2,125.0,51.4,1.6
4,2017.0,20480.0,0,31949.0,0,150.0,58.9,2.1
4,2016.0,14480.0,0,84000.0,2,200.0,42.8,2.0
4,2014.0,15990.0,0,45000.0,0,30.0,62.8,2.1
4,2017.0,18790.0,0,8423.0,0,150.0,67.3,2.1
5,2010.0,5880.0,0,40000.0,2,300.0,34.0,1.8
6,2016.0,22998.0,2,25536.0,0,160.0,51.4,3.0
6,2017.0,23998.0,2,27354.0,0,160.0,49.6,3.0
6,2014.0,15998.0,2,31815.0,0,145.0,54.3,2.1
6,2019.0,37352.0,0,3000.0,0,150.0,45.6,2.0
6,2019.0,44498.0,2,5428.0,0,145.0,47.9,2.9
6,2019.0,39998.0,2,926.0,0,145.0,45.6,2.0
6,2017.0,26166.0,0,9165.0,0,150.0,51.4,3.0
6,2016.0,25077.0,0,13887.0,0,165.0,49.6,3.0
6,2016.0,21998.0,2,29306.0,0,160.0,51.4,3.0
6,2018.0,34990.0,0,18837.0,0,150.0,47.9,2.9
7,2017.0,20998.0,2,22930.0,0,145.0,72.4,2.0
7,2016.0,18998.0,2,23951.0,0,125.0,58.9,2.1
7,2015.0,19498.0,2,22877.0,0,150.0,54.3,3.0
7,2016.0,16480.0,0,48889.0,0,125.0,58.9,2.1
7,2015.0,13990.0,0,52000.0,0,125.0,60.1,2.1
7,2017.0,21498.0,2,31750.0,0,145.0,61.4,2.0
7,2016.0,18698.0,2,31131.0,0,145.0,54.3,3.0
7,2010.0,6980.0,1,79000.0,2,300.0,35.3,1.8
7,2017.0,19498.0,2,54028.0,0,150.0,65.7,2.0
7,2011.0,5740.0,1,85026.14414204747,0,160.0,52.3,2.1
7,2018.0,22998.0,2,16089.0,0,145.0,65.7,2.0
7,2017.0,19698.0,2,25152.0,0,145.0,72.4,2.0
7,2015.0,20298.0,2,28056.0,0,160.0,51.4,3.0
7,2017.0,22270.0,0,13398.0,0,165.0,52.3,3.0
7,2015.0,17698.0,2,27622.0,0,145.0,54.3,3.0
7,2017.0,19998.0,2,52570.0,0,30.0,65.7,2.0
7,2015.0,18498.0,2,40348.0,0,145.0,54.3,3.0
7,2017.0,20880.0,0,37000.0,0,30.0,65.7,2.0
7,2019.0,28998.0,2,26100.0,0,145.0,65.7,2.0
7,2017.0,22998.0,2,16910.0,0,145.0,65.7,2.0
7,2019.0,36998.0,2,629.0,2,145.0,32.9,2.0
7,2020.0,35438.0,0,3500.0,0,145.0,42.8,2.0
7,2019.0,36998.0,2,5211.0,0,145.0,70.6,2.0
7,2017.0,19498.0,2,47007.0,0,30.0,65.7,2.0
7,2016.0,20298.0,2,23411.0,0,160.0,52.3,3.0
7,2017.0,20998.0,2,27671.0,0,145.0,72.4,2.0
7,2016.0,20298.0,2,25273.0,0,145.0,54.3,3.0
7,2018.0,21498.0,2,25454.0,0,150.0,72.4,2.0
7,2019.0,29991.0,0,10356.0,0,145.0,70.6,2.0
7,2018.0,32498.0,2,9252.0,2,145.0,33.6,3.0
7,2017.0,22890.0,0,34934.0,0,150.0,61.4,2.0
7,2019.0,47718.74397568762,2,2669.0,0,145.0,47.1,3.0
7,2016.0,19998.0,2,29511.0,0,30.0,65.7,2.0
7,2015.0,19498.0,2,26999.0,0,160.0,51.4,3.0
7,2019.0,38998.0,2,378.0,0,145.0,57.7,2.0
7,2015.0,20769.0,0,21874.0,0,165.0,51.4,3.0
7,2017.0,23995.0,2,19300.0,0,30.0,65.7,2.0
7,2019.0,46998.0,2,3325.0,2,145.0,32.5,3.0
7,2015.0,17998.0,2,42577.0,0,145.0,54.3,3.0
7,2017.0,20498.0,2,20195.0,0,20.0,72.4,2.0
7,2017.0,21950.0,0,26355.0,0,145.0,65.7,2.0
7,2019.0,24541.0,0,10279.0,0,145.0,67.3,2.0
7,2013.0,9495.0,2,82312.0,0,145.0,55.4,2.1
7,2017.0,21998.0,2,16062.0,0,145.0,52.3,3.0
7,2009.88029543607,4880.0,0,58000.0,0,315.0,37.2,3.0
7,2017.0,20998.0,2,21352.0,0,20.0,72.4,2.0
7,2015.0,17480.0,0,22000.0,0,140.0,53.3,3.0
7,2015.0,19698.0,2,23578.0,0,150.0,54.3,3.0
7,2014.0,15998.0,2,43125.0,0,200.0,45.6,3.0
7,2017.0,19498.0,2,33037.0,0,150.0,72.4,2.0
7,2017.0,23995.0,2,16820.0,0,145.0,51.4,3.0
7,2019.0,39998.0,2,2675.0,1,135.0,97.62807002109429,2.0
7,2017.0,19998.0,2,46230.0,0,145.0,67.3,2.0
7,2014.0,13998.0,2,33404.0,0,125.0,58.9,2.1
7,2015.0,19498.0,2,17167.0,0,145.0,54.3,3.0
7,2016.0,15635.0,2,30132.0,0,30.0,64.2,2.1
7,2016.0,20498.0,2,37915.0,0,160.0,51.4,3.0
7,2017.0,20498.0,2,35494.0,0,145.0,61.4,2.0
8,2015.0,16998.0,2,42129.0,0,125.0,56.5,2.1
8,2015.0,17498.0,2,25909.0,0,125.0,56.5,2.1
8,2017.0,30498.0,2,20085.0,2,145.0,38.2,2.0
8,2014.0,20498.0,2,45231.0,2,235.0,37.7,2.0
8,2017.0,16498.0,1,32917.0,0,30.0,64.2,2.1
8,2015.0,17998.0,2,42942.0,2,200.0,42.8,2.0
8,2019.0,22375.0,0,13850.0,0,145.0,67.3,2.1
8,2017.0,22750.0,2,9000.0,0,145.0,56.5,2.1
8,2016.0,16998.0,2,50543.0,0,125.0,56.5,2.1
8,2015.0,17498.0,2,30154.0,0,125.0,55.4,2.1
8,2016.0,17998.0,2,39017.0,0,125.0,56.5,2.1
8,2016.0,21595.0,2,21512.0,2,200.0,43.5,2.0
8,2018.0,20350.0,0,24556.0,0,145.0,56.5,2.1
8,2016.0,15998.0,2,52029.0,0,125.0,56.5,2.1
8,2017.0,17850.0,1,18692.0,2,145.0,48.7,1.6
8,2020.0,27998.0,2,3930.0,2,150.0,35.8,1.6
8,2015.0,18498.0,2,22888.0,0,125.0,55.4,2.1
8,2016.0,19498.0,2,27846.0,0,125.0,56.5,2.1
8,2014.0,15698.0,2,43696.0,0,145.0,55.4,2.1
8,2015.0,18998.0,2,33114.0,0,125.0,56.5,2.1
8,2017.0,19750.0,0,15258.0,0,30.0,64.2,2.1
8,2015.0,17624.0,0,29505.0,0,125.0,55.4,2.1
8,2016.0,18980.0,0,41713.0,0,125.0,56.6,2.1
8,2014.0,14998.0,2,64001.0,0,145.0,55.4,2.1
8,2015.0,18498.0,2,18106.0,0,125.0,56.6,2.1
9,2017.0,20998.0,2,40949.0,0,125.0,56.5,2.1
9,2016.0,21998.0,2,49986.0,0,125.0,56.5,2.1
9,2017.0,23498.0,2,32902.0,0,125.0,56.5,2.1
9,2016.0,25780.0,0,34358.0,0,125.0,56.5,2.1
9,2017.0,24998.0,2,44847.0,0,125.0,56.5,2.1
9,2018.0,31998.0,2,11605.0,0,145.0,56.5,2.1
9,2018.0,33998.0,2,7220.0,0,145.0,56.5,2.1
9,2016.0,25998.0,2,40220.0,0,145.0,56.5,2.1
9,2019.0,34998.0,2,423.0,0,145.0,56.5,2.1
9,2017.0,37998.0,2,20418.0,2,145.0,34.0,3.0
9,2016.0,20998.0,2,37045.0,0,125.0,56.5,2.1
9,2019.0,33729.0,0,11301.0,0,145.0,56.5,2.1
9,2016.0,23498.0,2,46259.0,0,125.0,56.5,2.1
9,2016.0,24995.0,0,40343.0,0,125.0,56.5,2.1
9,2017.0,26998.0,2,9172.0,0,145.0,56.5,2.1
9,2016.0,28995.0,2,31600.0,0,145.0,56.5,2.1
9,2018.0,32498.0,2,12517.0,0,145.0,45.6,3.0
9,2017.0,25498.0,2,17967.0,0,150.0,56.5,2.1
9,2019.0,35611.0,0,26153.0,0,145.0,45.6,3.0
9,2018.0,30682.0,0,14517.0,0,145.0,56.5,2.1
9,2016.0,23998.0,2,42809.0,0,125.0,56.5,2.1
9,2018.0,27590.0,2,16776.0,0,145.0,56.5,2.1
9,2019.0,35998.0,2,7540.0,0,145.0,40.9,2.0
9,2016.0,22998.0,2,30162.0,0,125.0,56.5,2.1
9,2016.0,24998.0,2,30639.0,0,125.0,56.5,2.1
9,2019.0,37116.0,0,6250.0,0,145.0,40.9,2.0
9,2019.0,30799.0,0,9886.0,0,145.0,41.5,2.1
9,2019.0,32998.0,2,12831.0,0,145.0,44.8,2.0
9,2016.0,21998.0,2,27894.0,0,125.0,56.5,2.1
9,2015.0,24498.0,2,23487.0,0,125.0,56.5,2.1
9,2016.0,21500.0,2,23349.0,0,125.0,56.5,2.1
9,2017.0,29998.0,2,23326.0,0,150.0,56.5,2.1
9,2017.0,26995.0,2,37950.0,0,145.0,56.5,2.1
9,2020.0,37998.0,2,5538.0,0,150.0,40.9,2.0
10,2015.0,25498.0,2,29078.0,0,200.0,47.9,2.1
10,2017.0,28998.0,2,18855.0,0,200.0,47.9,2.1
10,2017.0,31298.0,2,12122.0,0,145.0,47.9,2.1
10,2019.0,47718.74397568762,2,6279.0,0,145.0,32.8,3.0
10,2016.0,29995.0,0,27700.0,0,200.0,47.9,2.1
10,2016.0,30998.0,2,14149.0,0,235.0,42.8,3.0
10,2017.0,28500.0,2,28297.0,0,200.0,47.9,2.1
10,2016.0,28998.0,2,34669.0,0,200.0,47.9,2.1
10,2016.0,24998.0,2,42913.0,0,200.0,47.9,2.1
10,2016.0,27998.0,2,24732.0,0,200.0,47.9,2.1
10,2017.0,28998.0,2,31322.0,0,145.0,42.8,3.0
10,2020.0,47718.74397568762,0,6700.0,0,150.0,32.8,3.0
10,2017.0,28498.0,2,30825.0,0,145.0,47.9,2.1
10,2017.0,31498.0,2,9949.0,0,205.0,47.9,2.1
10,2017.0,30498.0,2,19605.0,0,260.0,42.8,3.0
10,2016.0,28698.0,2,22707.0,0,200.0,47.9,2.1
10,2020.0,47718.74397568762,0,3000.0,0,145.0,36.7,2.0
10,2017.0,29998.0,2,15626.0,0,265.0,42.8,3.0
10,2016.0,30998.0,2,19574.0,0,240.0,42.8,3.0
10,2016.0,24998.0,2,30121.0,0,205.0,47.9,2.1
10,2018.0,30948.0,0,16000.0,0,145.0,47.9,2.1
10,2017.0,34998.0,2,16647.0,0,205.0,47.9,2.1
10,2017.0,30298.0,2,14786.0,0,200.0,47.9,2.1
11,2016.0,37385.0,0,21169.0,0,305.0,37.2,3.0
11,2018.0,46998.0,2,9182.0,0,145.0,37.2,3.0
12,2013.0,15990.0,0,51800.0,0,200.0,44.8,2.1
12,2013.0,15200.0,2,61363.0,0,200.0,44.8,2.1
12,2014.0,15998.0,2,71657.0,0,200.0,44.8,2.1
12,2015.0,21498.0,2,43339.0,0,200.0,39.2,2.1
12,2015.0,21998.0,2,37963.0,0,205.0,39.2,2.1
13,2019.0,46998.0,2,1042.0,0,145.0,52.3,3.0
13,2019.0,47718.74397568762,2,100.0,2,145.0,40.9,3.0
13,2015.0,28998.0,2,16382.0,0,200.0,47.9,3.0
13,2015.0,26498.0,2,34434.0,0,200.0,48.7,3.0
13,2016.0,26498.0,2,36121.0,0,200.0,47.9,3.0
13,2015.0,24498.0,2,28191.0,0,200.0,47.9,3.0
13,2019.0,47718.74397568762,2,375.0,0,145.0,52.3,3.0
13,2015.0,27498.0,2,35236.0,0,200.0,47.9,3.0
13,2015.0,27998.0,2,14158.0,0,200.0,47.9,3.0
13,2015.0,24998.0,2,29036.0,0,160.0,50.4,3.0
13,2016.0,30498.0,2,17624.0,0,200.0,47.9,3.0
13,2015.0,26498.0,2,27343.0,0,200.0,48.7,3.0
13,2017.0,34948.0,0,27000.0,1,20.0,61.4,2.1
13,2016.0,24880.0,0,75000.0,1,190.0,42.4,3.5
13,2016.0,25498.0,2,44072.0,0,200.0,47.9,3.0
13,2015.0,38980.0,0,11000.0,2,270.0,33.2,3.5363892141826785
13,2016.0,28498.0,2,30135.0,0,200.0,47.9,3.0
13,2015.0,29995.0,0,17700.0,0,200.0,48.7,3.0
13,2012.0,10948.0,0,85026.14414204747,2,265.0,36.7,3.5
14,2016.0,20498.0,2,10643.0,0,30.0,70.6,2.1
14,2017.0,22498.0,2,11534.0,0,145.0,70.6,2.1
14,2018.0,22914.0,0,8725.0,2,145.0,47.9,2.0
14,2016.0,18498.0,2,33502.0,0,30.0,70.6,2.1
14,2017.0,20998.0,2,18739.0,0,145.0,70.6,2.1
14,2019.0,30670.0,0,3000.0,2,145.0,47.1,2.0
14,2016.0,19998.0,2,27801.0,2,145.0,47.9,2.0
14,2017.0,20601.0,0,16730.0,0,150.0,70.6,2.1
14,2016.0,18998.0,2,29302.0,0,30.0,70.6,2.1
14,2017.0,20298.0,2,20055.0,0,30.0,70.6,2.1
14,2017.0,21609.0,0,2780.0,0,30.0,70.6,2.1
14,2019.0,32998.0,2,17.0,2,145.0,47.1,2.0
14,2017.0,20998.0,2,13526.0,2,145.0,47.9,2.0
14,2019.0,32998.0,2,2403.0,2,145.0,47.1,2.0
14,2017.0,21998.0,2,4657.0,0,145.0,70.6,2.1
14,2019.0,28491.0,2,9477.0,2,145.0,47.1,2.0
14,2019.0,47718.74397568762,2,313.0,2,145.0,31.4,3.5363892141826785
14,2016.0,28650.0,2,9262.0,2,260.0,36.7,3.0
14,2017.0,18775.0,0,19522.0,0,30.0,70.6,2.1
14,2017.0,19498.0,2,29114.0,0,30.0,70.6,2.1
14,2017.0,20745.0,0,23103.0,0,30.0,70.6,2.1
15,2009.88029543607,5980.0,0,60000.0,2,280.0,34.4,1.8
15,2014.0,15990.0,0,43955.0,2,205.0,43.5,1.8
15,2013.0,10698.0,2,66282.0,0,145.0,56.5,2.0
15,2009.88029543607,4890.0,0,46000.0,2,322.02595486019436,28.0,3.5
15,2015.0,14298.0,2,21624.0,0,145.0,56.5,2.0
15,2010.0,7495.0,1,59147.0,2,300.0,36.2,1.8
16,2017.0,30998.0,2,32577.0,0,145.0,45.6,2.2
16,2017.0,31980.0,0,16000.0,0,145.0,44.8,2.1
16,2018.0,19998.0,1,14941.0,0,145.0,46.3,2.1
16,2017.0,27998.0,2,58590.0,0,235.0,44.8,2.2
16,2018.0,20498.0,1,22011.0,0,145.0,46.3,2.1
16,2018.0,19498.0,1,21525.0,0,145.0,46.3,2.1
16,2016.0,17998.0,1,21981.0,0,200.0,46.3,2.1
16,2018.0,32998.0,2,18932.0,0,145.0,45.6,2.2
16,2018.0,20498.0,1,20138.0,0,145.0,46.3,2.1
16,2018.0,20498.0,1,23128.0,0,145.0,46.3,2.1
16,2018.0,20498.0,1,23694.0,0,145.0,46.3,2.1
16,2018.0,35995.0,0,7000.0,0,145.0,45.6,2.2
16,2016.0,26490.0,2,32494.0,0,200.0,45.6,2.2
16,2018.0,19498.0,1,24164.0,0,145.0,46.3,2.1
16,2018.0,20498.0,1,25254.0,0,145.0,46.3,2.1
16,2018.0,20498.0,1,20841.0,0,145.0,46.3,2.1
16,2018.0,20498.0,1,22033.0,0,145.0,46.3,2.1
